Package,obs repository,obs commit id
A-FOT,git@gitee.com:src-openeuler/A-FOT.git,ed7f29395c632e6ad8e80dbc5bd85e7b5eb5b175
A-Ops,git@gitee.com:src-openeuler/A-Ops.git,053dff2eb9ad4d3987ab65560d66500ee65e00c0
KubeOS,git@gitee.com:misaka00251/KubeOS.git,46787e2f54f4401afde401f07167aad7e9e09719
Thunar,git@gitee.com:src-openeuler/Thunar.git,c577dfb20e294c238bae9068ad5d3dbeea6e2fee
accumulo,git@gitee.com:openeuler-risc-v/accumulo.git,344f17284073f34fb7ce37c6153d2f344a6034f1
activemq,git@gitee.com:misaka00251/activemq.git,90ff440c117072fdec7a0dfd6780dc4a0714a7b4
alertmanager,git@gitee.com:src-openeuler/alertmanager.git,7e331355e259b27b88df3d6a2abd91e74dbbd7e0
argus,git@gitee.com:src-openeuler/argus.git,25d553763aa896b87e6d41b4dd1a996ddc074033
ark,git@gitee.com:src-openeuler/ark.git,289cbdec1b06a56a2e8333472e49990c7aeb51be
atril,git@gitee.com:src-openeuler/atril.git,2b2d56e506a5117b9e3ad2e560f83fdaeeb1eb98
attica,git@gitee.com:src-openeuler/attica.git,30fdce0976a7132ba675a999e755e294541fcba2
auter,git@gitee.com:src-openeuler/auter.git,596a93be78eb10e8082644c350c639f120f26382
avro,git@gitee.com:misaka00251/avro.git,f9e45789a5215cad7d2f2e8375aaeccccbac4a3e
bamf,git@gitee.com:src-openeuler/bamf.git,53bc3c063fc8d9e566f284561e1121adba3069bf
banner,git@gitee.com:src-openeuler/banner.git,402a4605d415672279ccd340a1e5a672a7eea01f
baobab,git@gitee.com:src-openeuler/baobab.git,10b8e6577e943646b61413af22e74453d40e41d0
blackbox_exporter,git@gitee.com:src-openeuler/blackbox_exporter.git,1a09aa9ac1b04ee76082745da409b74c5231c1ad
blueman,git@gitee.com:src-openeuler/blueman.git,bc0789820f48424b0a8e5a3641304448f49cee4a
blur-effect,git@gitee.com:src-openeuler/blur-effect.git,9be8e10e4434b1102240f121acbfbc504dfffdad
byzanz,git@gitee.com:misaka00251/byzanz.git,9dc7fd313032a13990bd79013f147f2cc5934c88
caja,git@gitee.com:src-openeuler/caja.git,f22bc1fe6061f69bb087333e73c81833aa542ebf
canal,git@gitee.com:src-openeuler/canal.git,b0ceb499599a0ee31fa1a7505e92d184476f38e5
catfish,git@gitee.com:src-openeuler/catfish.git,6f34ad0179c25a36a74d7774cd5e4905077284e7
cgit,git@gitee.com:src-openeuler/cgit.git,065eb77aaff2d882a1d921c0edeb8005d9d8842d
cobbler,git@gitee.com:src-openeuler/cobbler.git,d13b7ecc3e33f0c79e07aa67d137630762f7f9cb
compface,git@gitee.com:src-openeuler/compface.git,c93ea6513d03ece30608c1f5b422db240795d8f4
cufflinks,git@gitee.com:src-openeuler/cufflinks.git,71c343bcfc72e6ca351feb5793a5fba12f9edaf5
dbusmenu-qt,git@gitee.com:src-openeuler/dbusmenu-qt.git,bdd466d21f0660becda7a83ea5d50e61e0595c50
ddcutil,git@gitee.com:src-openeuler/ddcutil.git,92f9080a7583a6899c981f5534af6525c39d570c
dde,git@gitee.com:src-openeuler/dde.git,14242d72b666755bb7ca26b6e56400e2232c4914
dde-account-faces,git@gitee.com:src-openeuler/dde-account-faces.git,8d959fc77830f14f566e97b5452deaf889d92ba0
dde-api,git@gitee.com:openeuler-risc-v/dde-api.git,23a2032b5b1173aad90f1ae1af6627d35d10ade4
dde-calendar,git@gitee.com:src-openeuler/dde-calendar.git,1c63fef4e9e0e34eec179762702b0c3c92e2270d
dde-clipboard,git@gitee.com:src-openeuler/dde-clipboard.git,1b23ab959ebcfb0c1f40de3277e6eac751ad7cd6
dde-control-center,git@gitee.com:src-openeuler/dde-control-center.git,8e2c904912573381bd5463ecd546ffe4696fc74c
dde-daemon,git@gitee.com:openeuler-risc-v/dde-daemon.git,9e7d5e15ff21475cc740d88ffddb057a19b2b45f
dde-device-formatter,git@gitee.com:src-openeuler/dde-device-formatter.git,a758a42b0437239aa88b12f1417e8b136a3278b9
dde-dock,git@gitee.com:src-openeuler/dde-dock.git,0e88d73b98c0b51782ab77b09862763cac391d1d
dde-file-manager,git@gitee.com:openeuler-risc-v/dde-file-manager.git,00a0123738883590e004c4b82e462805daa8db24
dde-introduction,git@gitee.com:src-openeuler/dde-introduction.git,6ca35399f19afdd08aebc02ba4dee7a684373320
dde-kwin,git@gitee.com:src-openeuler/dde-kwin.git,234ae93c381b6f3361aca6b90d9e1a01f1b32991
dde-launcher,git@gitee.com:src-openeuler/dde-launcher.git,e30062720cf1bcb74aef5614d9f0cebe47d515da
dde-network-utils,git@gitee.com:src-openeuler/dde-network-utils.git,19f2146b403c6193b89e30b80600f00204e45139
dde-polkit-agent,git@gitee.com:src-openeuler/dde-polkit-agent.git,7a4f0b30685e732dab2afc1255e864d75adb06f8
dde-qt-dbus-factory,git@gitee.com:src-openeuler/dde-qt-dbus-factory.git,1b79e19065674a7db3f16bed864a7ff25df48688
dde-server-industry-config,git@gitee.com:src-openeuler/dde-server-industry-config.git,5eeb6e9dd55449ab554402720aaeff86add3db36
dde-session-shell,git@gitee.com:src-openeuler/dde-session-shell.git,0785073be89822f3d3d7c8ce091dcea1be605463
dde-session-ui,git@gitee.com:src-openeuler/dde-session-ui.git,f35e574a07331383aabafa48fd72d92d0851cdf3
deepin-anything,git@gitee.com:src-openeuler/deepin-anything.git,7e790b9b904c4105ddb1ebdd236b21e63d5a5654
deepin-clone,git@gitee.com:openeuler-risc-v/deepin-clone.git,ec8d761c543f416fd9edfecbfe4f5778cde402b9
deepin-compressor,git@gitee.com:src-openeuler/deepin-compressor.git,c607df980b99c03668f7ad9aaf2918a5a531c660
deepin-dbus-generator,git@gitee.com:src-openeuler/deepin-dbus-generator.git,742248939bb539a40ae45569293d8cb0e400a925
deepin-default-settings,git@gitee.com:src-openeuler/deepin-default-settings.git,14fbc70c90053fa533a0aa0e47f86ac96d439582
deepin-desktop-base,git@gitee.com:openeuler-risc-v/deepin-desktop-base.git,84dc534f7391237245aa96f376c4db17a2d2347c
deepin-desktop-schemas,git@gitee.com:src-openeuler/deepin-desktop-schemas.git,df76e991eab75882239f78a98bd8f634125ce759
deepin-devicemanager,git@gitee.com:src-openeuler/deepin-devicemanager.git,16c869e2bdeab203430d4a0807a7b94952c4972c
deepin-draw,git@gitee.com:src-openeuler/deepin-draw.git,b64504517c0e2d53a8a1432f035e54c16c99b75f
deepin-editor,git@gitee.com:src-openeuler/deepin-editor.git,24e803dcc7dba1f68a589f8816186f032329edd1
deepin-font-manager,git@gitee.com:src-openeuler/deepin-font-manager.git,13695681386aaa8a150baeb2223c71f0d0969123
deepin-gettext-tools,git@gitee.com:src-openeuler/deepin-gettext-tools.git,2ff442292b42118504e27844f6c92b14298ae0e0
deepin-graphics-driver-manager,git@gitee.com:src-openeuler/deepin-graphics-driver-manager.git,5f78bf04075310768ca64604f1073671f0c015fa
deepin-gtk-theme,git@gitee.com:src-openeuler/deepin-gtk-theme.git,a6a053c639a6cd8bd02d9be37fb34620a5839010
deepin-icon-theme,git@gitee.com:src-openeuler/deepin-icon-theme.git,44453856486053a59f551890a55710063db2b1c4
deepin-image-viewer,git@gitee.com:src-openeuler/deepin-image-viewer.git,b4378b716fc8c7f100efcbd70269dd9d7551e4ce
deepin-log-viewer,git@gitee.com:src-openeuler/deepin-log-viewer.git,05d003eec675141e7fbd552c0069cbd2d740135a
deepin-menu,git@gitee.com:src-openeuler/deepin-menu.git,6582f9d8768bff2c67c853d3717190017c143bd1
deepin-movie,git@gitee.com:src-openeuler/deepin-movie.git,35076fce46af32ae4d9de1666347f03791686219
deepin-music,git@gitee.com:src-openeuler/deepin-music.git,fd91628f3c70ff9838df9cec176c1fb326e094f7
deepin-qml-widgets,git@gitee.com:src-openeuler/deepin-qml-widgets.git,48fc6e9996d0089d1d8e9b318fcdef91f945910b
deepin-reader,git@gitee.com:src-openeuler/deepin-reader.git,dec7ed2392e2f21b6e0f649f269144f0ed5ed48d
deepin-screen-recorder,git@gitee.com:src-openeuler/deepin-screen-recorder.git,42f2f7e6c1145fbb5f9897134688770548ef8463
deepin-shortcut-viewer,git@gitee.com:src-openeuler/deepin-shortcut-viewer.git,84b4f7af942dfd3b114734bf020d16304ebd901f
deepin-sound-theme,git@gitee.com:src-openeuler/deepin-sound-theme.git,5d8e4f903a83027ae09031cc55da4a1392a5af50
deepin-system-monitor,git@gitee.com:src-openeuler/deepin-system-monitor.git,aa7d8313208de71cd3d2dd9ef593e6c49ad54159
deepin-terminal,git@gitee.com:src-openeuler/deepin-terminal.git,4dd2fabc9f3551584078d386d0a714c03dc08ca7
deepin-turbo,git@gitee.com:src-openeuler/deepin-turbo.git,27d6c7954532fdc9050f21486140f63005f91702
deepin-wallpapers,git@gitee.com:src-openeuler/deepin-wallpapers.git,6ca6ebd6338cd09e0b33328dc7bb44142df283ad
dibbler,git@gitee.com:src-openeuler/dibbler.git,6d1dca881592021238e304776cc9bd210d6f085c
disomaster,git@gitee.com:src-openeuler/disomaster.git,19245db5edd82f87bd98e23fe32c6d9f567acaf9
dleyna-renderer,git@gitee.com:src-openeuler/dleyna-renderer.git,d4a468047c9734f8cfa09f61bf11da5448605c5c
docbook5-schemas,git@gitee.com:src-openeuler/docbook5-schemas.git,e5d2b467002219bd6853c2e107d2e1a16c00a118
dtkcore,git@gitee.com:src-openeuler/dtkcore.git,bbe7c9660402e784e2eca1daccf6e02a82ae3d65
dtkcore2,git@gitee.com:src-openeuler/dtkcore2.git,272514bd712f4cc4235d3e8bda51c3d05bfd0b9f
dtkgui,git@gitee.com:src-openeuler/dtkgui.git,4793dd411948159c0796c12f0d202cbd3689faa9
dtkwidget,git@gitee.com:src-openeuler/dtkwidget.git,5b46ad6d6bf8bd8dde847fe7508946285669271c
dtkwidget2,git@gitee.com:src-openeuler/dtkwidget2.git,cc9236b944737b5612a86343be663d4c22b94e62
dtkwm,git@gitee.com:src-openeuler/dtkwm.git,f307c6006710d254f4502a62a613844741f04742
eggo,git@gitee.com:misaka00251/eggo.git,b95abae2a72780c521cd848131b68b76c037747c
engrampa,git@gitee.com:src-openeuler/engrampa.git,522031b52f14a81672182fe7fd3314660a6bd1ee
etckeeper,git@gitee.com:src-openeuler/etckeeper.git,b98884dba9954176fe2238f31bb8550b81b4783c
exo,git@gitee.com:src-openeuler/exo.git,3827acacc11159420e99658ef9211b4f1f46e055
fcitx,git@gitee.com:src-openeuler/fcitx.git,d1d51608d9c79e6d6258701d6bfb104e561d1248
fcitx-cloudpinyin,git@gitee.com:src-openeuler/fcitx-cloudpinyin.git,17c939948d36a7fd772a95f02552254245cd21f3
fcitx-configtool,git@gitee.com:src-openeuler/fcitx-configtool.git,e77a4c8a99c91b77f432c3cfb07d8534a0fb1d93
fcitx-libpinyin,git@gitee.com:src-openeuler/fcitx-libpinyin.git,fa38c8e579925122ae68b672bcc3a7fd9e637e0b
fcitx-qt5,git@gitee.com:src-openeuler/fcitx-qt5.git,b29f1aa382f3472ccc55cf16ba9c83dd4ca87433
fcitx-sunpinyin,git@gitee.com:src-openeuler/fcitx-sunpinyin.git,de3bbaa9fd6e96dc86d5bd50dd47aeba6f1d5bfa
fetch-crl,git@gitee.com:src-openeuler/fetch-crl.git,03c359d86b4f91a0c241a7c00c45a9865e2d3f2d
ffmpegthumbnailer,git@gitee.com:src-openeuler/ffmpegthumbnailer.git,a9acbc5da57b3a228b4cb57e5aa4ac36409eb2fd
fftw2,git@gitee.com:src-openeuler/fftw2.git,4dc86ea332fb31ba0364e6bb09192fac82c61d15
fish,git@gitee.com:openeuler-risc-v/fish.git,9b9855959a27c5fa20c90fa33fe0c18b2352d8bc
flatbuffers,git@gitee.com:src-openeuler/flatbuffers.git,0c979a72abfb8789314ee8f2491807ff9ad864e2
flatpak-builder,git@gitee.com:src-openeuler/flatpak-builder.git,de3b0140e43c330fa1e74127eb0e1540abb89199
flume,git@gitee.com:misaka00251/flume.git,2a1c284183bfac2b5da0be28c631f1c4ca2eba63
freeimage,git@gitee.com:src-openeuler/freeimage.git,c3e6480aeba37db2f4d9d55976d8257a408543b6
fstrm,git@gitee.com:src-openeuler/fstrm.git,fd04a0fba18fffef95747174eb0a585460944fac
garcon,git@gitee.com:src-openeuler/garcon.git,f0a5f3c9c5ee8027c9ae399a2537841ab648fc20
gdk-pixbuf-xlib,git@gitee.com:src-openeuler/gdk-pixbuf-xlib.git,ab53f7faaa457949b596523b8f14c07455b70d24
geany,git@gitee.com:src-openeuler/geany.git,0cc67cd13da0913afc446c985ac0fc51551e7d42
gearmand,git@gitee.com:misaka00251/gearmand.git,cbfac31c5e3754ef89b724589b652f2943864645
gedit,git@gitee.com:src-openeuler/gedit.git,8de914fff8995be73dd1dcaed4ed213727d3fb69
genders,git@gitee.com:src-openeuler/genders.git,74e5cd556161d2663295e9c2eea290e59fa2d244
gigolo,git@gitee.com:src-openeuler/gigolo.git,0ada7c95d60bd208d26cc81c464c9cc94370e27e
gio-qt,git@gitee.com:src-openeuler/gio-qt.git,ac52208ae41407bcf4e011405cbc9acea0a13f21
gnome-backgrounds,git@gitee.com:src-openeuler/gnome-backgrounds.git,5cfb74205bba0f013ff6e153a238183d208aaab3
gnome-boxes,git@gitee.com:src-openeuler/gnome-boxes.git,0a195039c5e99ab4982c9ea54294df68c1a35757
gnome-builder,git@gitee.com:geasscore/gnome-builder.git,b805623cb96cd4b174434232912af43a37ab9723
gnome-calendar,git@gitee.com:src-openeuler/gnome-calendar.git,bd2441a2749fe52b7568b4990732cb235e66c3ce
gnome-characters,git@gitee.com:src-openeuler/gnome-characters.git,28b5d84dbdfec2e8b887b3b92ba08d4b21b1b1a8
gnome-logs,git@gitee.com:src-openeuler/gnome-logs.git,5fd310f93b0d0bf34af0e5f9c1be8309ab371ff2
gnome-maps,git@gitee.com:src-openeuler/gnome-maps.git,3ae4897a7150e560cb9c6c66c2c7109dc6f00dbd
gnome-music,git@gitee.com:src-openeuler/gnome-music.git,8eb5227e6c89d76670ce0708e2406d07995e5c1c
gnome-photos,git@gitee.com:src-openeuler/gnome-photos.git,856f7a5452adc42a250af31dcba108f9317c7054
gnome-remote-desktop,git@gitee.com:src-openeuler/gnome-remote-desktop.git,3267c7a8c92c61790772d2a78e1d1e9677aa3ea9
gnome-shell-extension-desktop-icons,git@gitee.com:src-openeuler/gnome-shell-extension-desktop-icons.git,211c902a90a6aa9b9a045e10f5473423cf0ef1fb
gnome-tour,git@gitee.com:src-openeuler/gnome-tour.git,1dbd1f1ad8c3101f732adb02fb33d03e715e982b
gnome-tweaks,git@gitee.com:src-openeuler/gnome-tweaks.git,39bec80814e7cea7553889b0e87c158b2856524f
gnome-user-share,git@gitee.com:src-openeuler/gnome-user-share.git,b01935d129b526c066e4123509ae7e889026d41b
gnome-weather,git@gitee.com:src-openeuler/gnome-weather.git,9a9ad1c500f1bae8157c012d5abec5d989dca038
gnustep-make,git@gitee.com:src-openeuler/gnustep-make.git,e76edd71d66a11d3eea3d4cc814b263b19e988fd
goaccess,git@gitee.com:src-openeuler/goaccess.git,1fcf8ea4c50a952ceff2adacd10e5b8a6682d9f6
grafana,git@gitee.com:src-openeuler/grafana.git,785668ff7be4d14d0a78cc143bf506b3ae938b66
grantlee,git@gitee.com:src-openeuler/grantlee.git,e6ba41e466c768fbbd4420fb7c8eca9ce98cd54c
gsettings-qt,git@gitee.com:src-openeuler/gsettings-qt.git,922e02b0143306b2cff27f9dc94b1151aee9be0e
gsoap,git@gitee.com:src-openeuler/gsoap.git,7564382e11bfe6d843ca2f97f88c053509909068
gst-editing-services,git@gitee.com:src-openeuler/gst-editing-services.git,70ea114da93453e918ee284ddda637030304f09b
gstreamer1-libav,git@gitee.com:src-openeuler/gstreamer1-libav.git,ccb366349bb2c4969c0fdbeca7eea697c780bef8
gtk4,git@gitee.com:src-openeuler/gtk4.git,eef4d434164a991355b5c1789057da03c7935404
hbase,git@gitee.com:src-openeuler/hbase.git,4f75587198d56efc68d468744d1c587f960d984f
hddtemp,git@gitee.com:src-openeuler/hddtemp.git,52ac71e9223d329992c7045db368ed02c4ec8881
hdf,git@gitee.com:misaka00251/hdf.git,ed65524901e9fcfd4b8938072a2e2befc26632b0
highlight,git@gitee.com:src-openeuler/highlight.git,0bfd214848bb181683bd8ac8a9b7cbce254ffea4
httpry,git@gitee.com:src-openeuler/httpry.git,f0be6ea3391e8e697124fef775ccc8497f8714b9
idm-console-framework,git@gitee.com:src-openeuler/idm-console-framework.git,40f569bee34097088288aca8f41a2bc5c1c05c3c
im-chooser,git@gitee.com:src-openeuler/im-chooser.git,a9a80c829ce1755d73228219fc5b75ab0f4ede07
imlib2,git@gitee.com:src-openeuler/imlib2.git,69cd6f03d374a1e8286548c027e9ab8892e18e0a
imsettings,git@gitee.com:src-openeuler/imsettings.git,2a16bcd377fd9c186c41e9f4ba9d7992e2439df9
imwheel,git@gitee.com:src-openeuler/imwheel.git,ec64ac627c9342f4b0c1d80661f7498eae26020c
indicator-china-weather,git@gitee.com:src-openeuler/indicator-china-weather.git,320c303c09420dd4e51c0dd5273c0d7e3819dee1
inotify-tools,git@gitee.com:src-openeuler/inotify-tools.git,5e5a3178a96a593e0c84334de6e77ac64b6df1b9
ioprocess,git@gitee.com:src-openeuler/ioprocess.git,a2e755eddefb904adda82adb746a9d8f4f09739a
isa-l,git@gitee.com:src-openeuler/isa-l.git,e2771f0f2b2112b43b50ec0e185fc5c5eacc73db
java-client-kubevirt,git@gitee.com:misaka00251/java-client-kubevirt.git,12afd879cb9d1e934a16f5ea2f45e183f2e8fb40
jpegoptim,git@gitee.com:src-openeuler/jpegoptim.git,f7854d29cc4c7ba447c91322564d56acef114031
jsonrpc-glib,git@gitee.com:src-openeuler/jsonrpc-glib.git,8af5da388fd42fcb81cfa3bf2e0b8587148868df
jxrlib,git@gitee.com:src-openeuler/jxrlib.git,d251caeea6c30196d7cfd52d95eb7ec59af18b06
kafka-python,git@gitee.com:src-openeuler/kafka-python.git,77e4bc5a545a106bf94fc931ffe72d60d7dcc841
kdecoration,git@gitee.com:src-openeuler/kdecoration.git,8eb186ebada3601aaf6ab897af8da4d20018f6ff
kf5-attica,git@gitee.com:src-openeuler/kf5-attica.git,73e8f559235b696708dc7222f71ca32054047ce1
kf5-bluez-qt,git@gitee.com:src-openeuler/kf5-bluez-qt.git,6144e5e98e8e11a1761a87375b3a8fc592f3ae65
kf5-frameworkintegration,git@gitee.com:src-openeuler/kf5-frameworkintegration.git,f9f3afa1317f9850c72e039c5f8a3e602fd9b8d1
kf5-kactivities,git@gitee.com:src-openeuler/kf5-kactivities.git,bd1effa00ecdec1a1a5222d2d816561973090b7c
kf5-karchive,git@gitee.com:src-openeuler/kf5-karchive.git,1fa8aaad08660e5e102e6dcd726bb77b1004e1da
kf5-kauth,git@gitee.com:src-openeuler/kf5-kauth.git,2c56376b451a523cf63b5e1d8b60275d07f984d4
kf5-kbookmarks,git@gitee.com:src-openeuler/kf5-kbookmarks.git,9e2b00caf609069dd62a4cd3e10e4f5ea9a14a1a
kf5-kcmutils,git@gitee.com:src-openeuler/kf5-kcmutils.git,e3dadf4ccf800e944902497c6eda6f15d8ad107a
kf5-kcodecs,git@gitee.com:src-openeuler/kf5-kcodecs.git,f783551ef4327b0b5e772bba78c906db17185d06
kf5-kcompletion,git@gitee.com:src-openeuler/kf5-kcompletion.git,050a4638efca6bcff045c4d74523c7ebdfa31056
kf5-kconfig,git@gitee.com:src-openeuler/kf5-kconfig.git,36276411893c4b5f5893c7925f533586f52286b2
kf5-kconfigwidgets,git@gitee.com:src-openeuler/kf5-kconfigwidgets.git,9e7689ec7ac4195dfe482a0b8b45d3a53ab7e799
kf5-kcoreaddons,git@gitee.com:src-openeuler/kf5-kcoreaddons.git,2d0034073dc445da3253adcc3e912fbbe2b7cb71
kf5-kcrash,git@gitee.com:src-openeuler/kf5-kcrash.git,ef2eccc71140b6bdaa81e7e7f5d70acf325024c4
kf5-kdbusaddons,git@gitee.com:src-openeuler/kf5-kdbusaddons.git,52b0f68fa9b3ae961023594361331665d82daab6
kf5-kdeclarative,git@gitee.com:src-openeuler/kf5-kdeclarative.git,210cd979c570046ac7562b7c2c3def8090ba0678
kf5-kded,git@gitee.com:src-openeuler/kf5-kded.git,98301e08c5714ca588435c0edc4b5238d80f847b
kf5-kdelibs4support,git@gitee.com:src-openeuler/kf5-kdelibs4support.git,4b89242d35722c4c6f01925618f1176171910593
kf5-kdesignerplugin,git@gitee.com:src-openeuler/kf5-kdesignerplugin.git,5e59f58ac89b1c9ad4d82a0603caadcac4daccf5
kf5-kdesu,git@gitee.com:src-openeuler/kf5-kdesu.git,7523d4330fa0b79855ab8cf9e7729ce20f9c6901
kf5-kdewebkit,git@gitee.com:src-openeuler/kf5-kdewebkit.git,e00e6ffa92cf122bd403c1cfe2541a9661017b01
kf5-kdoctools,git@gitee.com:src-openeuler/kf5-kdoctools.git,a590d40efe16723751b9ffc45b312ca2fbfe03d8
kf5-kemoticons,git@gitee.com:src-openeuler/kf5-kemoticons.git,4db77ce368be3acc4f1043f37b7d89c8d2c5458d
kf5-kglobalaccel,git@gitee.com:src-openeuler/kf5-kglobalaccel.git,6ceb5b3bfdbf324a0390a8712f7a1262bbe189b7
kf5-kguiaddons,git@gitee.com:src-openeuler/kf5-kguiaddons.git,4310cfcf19a1050adb558cabd1a774ace5321b0f
kf5-khtml,git@gitee.com:src-openeuler/kf5-khtml.git,f03804e41ec9a8ee646fef59c3fe71e065f78bea
kf5-ki18n,git@gitee.com:src-openeuler/kf5-ki18n.git,09a48e3b678626b24af4ec3a8c3b98980c2e68d0
kf5-kiconthemes,git@gitee.com:src-openeuler/kf5-kiconthemes.git,9124977b1f3f74e1230df2341c95789ba6c0d01a
kf5-kidletime,git@gitee.com:src-openeuler/kf5-kidletime.git,62883a23cec973c4e7240c08746ad610e19b96f7
kf5-kinit,git@gitee.com:src-openeuler/kf5-kinit.git,8b7a25f0fa2be7642a69b083ffdaacf0e28c4463
kf5-kio,git@gitee.com:src-openeuler/kf5-kio.git,fa517b0a9c18c976b380e2ea79a07d5635ea9506
kf5-kirigami2,git@gitee.com:src-openeuler/kf5-kirigami2.git,6495c0637dd8d4eec0a57e11ce3d6df8202fb3f0
kf5-kitemmodels,git@gitee.com:src-openeuler/kf5-kitemmodels.git,58ac707af3247e03bdc2de4d2d6259686aa322fa
kf5-kitemviews,git@gitee.com:src-openeuler/kf5-kitemviews.git,73270a569442ae988a38446408f6f9fda6e6ef0f
kf5-kjobwidgets,git@gitee.com:src-openeuler/kf5-kjobwidgets.git,b10f6749dab9b3e991034e9c43f44e9230fe5ae5
kf5-kjs,git@gitee.com:src-openeuler/kf5-kjs.git,d3f6a9057d1f439d152e94ee693186257946e495
kf5-knewstuff,git@gitee.com:src-openeuler/kf5-knewstuff.git,1b446fd975e2366adf1580dbcb1535826be570bb
kf5-knotifications,git@gitee.com:src-openeuler/kf5-knotifications.git,e0442fe08e0c4ee85dc1f50eabcced23d18f966d
kf5-knotifyconfig,git@gitee.com:src-openeuler/kf5-knotifyconfig.git,90bdca0cfc131c2d6bb77f9937c52d98361e6970
kf5-kpackage,git@gitee.com:src-openeuler/kf5-kpackage.git,9502ba435c0b6ffcec3751cbc1f93f8b04565c5b
kf5-kparts,git@gitee.com:src-openeuler/kf5-kparts.git,98fc98830d504c70091fe0370492c2afee793491
kf5-kplotting,git@gitee.com:src-openeuler/kf5-kplotting.git,e37f60f75e57ac7949ddb701d9fafae39935361a
kf5-kpty,git@gitee.com:src-openeuler/kf5-kpty.git,d81a6486fc5547623abc56c9a12a2a0c543a3103
kf5-krunner,git@gitee.com:src-openeuler/kf5-krunner.git,1d57c6397d033671a00c804326c09141113fbf77
kf5-kservice,git@gitee.com:src-openeuler/kf5-kservice.git,a07ec43e7aebf91328b947a1ebfbd3818c6acc45
kf5-ktextwidgets,git@gitee.com:src-openeuler/kf5-ktextwidgets.git,339012557c2d9785c488befd702cd2d196e72add
kf5-kunitconversion,git@gitee.com:src-openeuler/kf5-kunitconversion.git,9e57df56486343724fa2adac7f3cb82eda627ba2
kf5-kwallet,git@gitee.com:src-openeuler/kf5-kwallet.git,e7ed18b5e5b17c3b6f67e8a29ad6976b1ba40c62
kf5-kwayland,git@gitee.com:src-openeuler/kf5-kwayland.git,bea09bca8370c5651235009d4d8dcc7c8162d03a
kf5-kwidgetsaddons,git@gitee.com:src-openeuler/kf5-kwidgetsaddons.git,ddb8d2bd1dfd6699b0f3c080704f21ec2b6b7385
kf5-kwindowsystem,git@gitee.com:src-openeuler/kf5-kwindowsystem.git,3c3943e74e51afaacaf8831366f11f897b50fdd8
kf5-kxmlgui,git@gitee.com:src-openeuler/kf5-kxmlgui.git,5f88dd65ece9604cc1e2d081811e7d675aaba2e5
kf5-networkmanager-qt,git@gitee.com:src-openeuler/kf5-networkmanager-qt.git,4b340c921a5ab4d81c7b96e6956ae5975cf95a63
kf5-plasma,git@gitee.com:src-openeuler/kf5-plasma.git,444ae5355961c60752f8eddb20ef8540ca67ab1e
kf5-solid,git@gitee.com:src-openeuler/kf5-solid.git,980021949f766871e847676f1d0a738b87b3e319
kf5-sonnet,git@gitee.com:src-openeuler/kf5-sonnet.git,9bd0c5ccbffb38f40ff46b8a74b732fbf4c6602c
kf5-syntax-highlighting,git@gitee.com:src-openeuler/kf5-syntax-highlighting.git,210e56e562e6d6b6b690a13836b96ea0f46bbd70
kf5-threadweaver,git@gitee.com:src-openeuler/kf5-threadweaver.git,5a63e04a5175404001a3a31ddb87363f3bc58bfb
kiran-authentication-service,git@gitee.com:src-openeuler/kiran-authentication-service.git,aa1d9fa1bee0c309646d16d43f4f50bc4f5e7c78
kiran-biometrics,git@gitee.com:src-openeuler/kiran-biometrics.git,f7426f280d56d570030d127f28e088acbcc8781e
kiran-calculator,git@gitee.com:src-openeuler/kiran-calculator.git,6e02a5787fc7fd63189d48ec7784d02aca57a058
kiran-calendar,git@gitee.com:src-openeuler/kiran-calendar.git,9be8e86883a35d3d146f42694aa66badca8f6795
kiran-cc-daemon,git@gitee.com:src-openeuler/kiran-cc-daemon.git,913e4748a7a3cc40f8f02c4494f7a4ac9e2416e0
kiran-control-panel,git@gitee.com:src-openeuler/kiran-control-panel.git,67432f96b327278a971d531cf67f4da726b76d85
kiran-cpanel-account,git@gitee.com:src-openeuler/kiran-cpanel-account.git,3f91886f1881eb734700d7aa236c016c2430319b
kiran-cpanel-appearance,git@gitee.com:src-openeuler/kiran-cpanel-appearance.git,878b79faa18bffe0861a069a90810894eff65d63
kiran-cpanel-display,git@gitee.com:src-openeuler/kiran-cpanel-display.git,d85ae86cd88edd9674e9fe5d22678accaebf9593
kiran-cpanel-keybinding,git@gitee.com:src-openeuler/kiran-cpanel-keybinding.git,4d226c8a3921e0174e04294b8e1da6067fa9a8bf
kiran-cpanel-keyboard,git@gitee.com:src-openeuler/kiran-cpanel-keyboard.git,1c61d5d399796c0c2be32b22171243ad011bd6ad
kiran-cpanel-mouse,git@gitee.com:src-openeuler/kiran-cpanel-mouse.git,c92302fdf87945c564f4196ccd45b2572458106d
kiran-cpanel-power,git@gitee.com:src-openeuler/kiran-cpanel-power.git,d6d32b9a62a0b200d6b35f117041b57ec84a69d1
kiran-cpanel-timedate,git@gitee.com:src-openeuler/kiran-cpanel-timedate.git,a691718a317f279ca60b08febc8ce3c1b3132803
kiran-desktop,git@gitee.com:src-openeuler/kiran-desktop.git,06f6c3c2a892e7263e5dca20dbcaa2cb94124721
kiran-flameshot,git@gitee.com:src-openeuler/kiran-flameshot.git,b2a48ccb3354285571efdedbce64866a76cffca5
kiran-gtk-theme,git@gitee.com:src-openeuler/kiran-gtk-theme.git,567920069c3563569ab793de2ae3b23f2e108844
kiran-icon-theme,git@gitee.com:src-openeuler/kiran-icon-theme.git,63d4684422115b326b36ddc3152f18b070c9dd7f
kiran-log,git@gitee.com:src-openeuler/kiran-log.git,7a95a9bc4b2491cd9c450aed62f27c22cd2a5c45
kiran-menu,git@gitee.com:src-openeuler/kiran-menu.git,8c9bcc6dd60b60faa1714654f92520e47b9e7043
kiran-panel,git@gitee.com:src-openeuler/kiran-panel.git,c27e75f5edd67f1633c54d0a649a47d5f5353269
kiran-qdbusxml2cpp,git@gitee.com:src-openeuler/kiran-qdbusxml2cpp.git,1d45bade3e56f1f05d22684c4e83fba80aa43436
kiran-screensaver,git@gitee.com:src-openeuler/kiran-screensaver.git,88e36e8674e8d7c122cb5355f1de82ee33616aa6
kiran-session-guard,git@gitee.com:src-openeuler/kiran-session-guard.git,6d9485425bd9b3e1d46cc2cefe265f78757d37eb
kiran-session-manager,git@gitee.com:src-openeuler/kiran-session-manager.git,bcd96e7269b5e43a30e167dcb2a00a3a28e95d2b
kiran-themes,git@gitee.com:src-openeuler/kiran-themes.git,b1982851afab8655931638b80152c076891f106e
kiran-wallpapers,git@gitee.com:src-openeuler/kiran-wallpapers.git,074085fbe348d3a40e461417aaf8d82300f1a25a
kiran-widgets-qt5,git@gitee.com:src-openeuler/kiran-widgets-qt5.git,6aaed6b66f41105532edc38c5421bac7eb28b573
kscreenlocker,git@gitee.com:src-openeuler/kscreenlocker.git,9fbb92036e311e3783d2ac00879974999733018a
kubeedge,git@gitee.com:misaka00251/kubeedge.git,cd69c1180132c7f8c6ff47809b8dfbf250a47e31
kubekey,git@gitee.com:src-openeuler/kubekey.git,fd015c9e806ac03b346cd3248ccc0cde04a62e40
kwayland-integration,git@gitee.com:src-openeuler/kwayland-integration.git,e53dfba05fb891e8307a31b972f8a5763f6723ea
kwayland-server,git@gitee.com:src-openeuler/kwayland-server.git,3f8a28850dd478b7f16601e4750522815e248b90
kwin,git@gitee.com:src-openeuler/kwin.git,ecc50f30fcd995b40ce29f07baabd1894db371bd
kylin-calculator,git@gitee.com:src-openeuler/kylin-calculator.git,3c6dec6baa570fade97639b4b7e1f43a46050d51
kylin-display-switch,git@gitee.com:src-openeuler/kylin-display-switch.git,1c6b11f3ec2e01e6a3ac062e77283c23515272d8
kylin-music,git@gitee.com:src-openeuler/kylin-music.git,ed12185ade49acd949fd23554b412059a1a24a71
kylin-nm,git@gitee.com:src-openeuler/kylin-nm.git,da10be078c6c8a45142cc04b236780a53bc0d248
kylin-recorder,git@gitee.com:src-openeuler/kylin-recorder.git,e5b99ea96fac7f66192e5850f774d8902ab6cc06
kylin-screenshot,git@gitee.com:src-openeuler/kylin-screenshot.git,45ae71940eae2f2e858d75c32ae0ff648eb54e58
kylin-usb-creator,git@gitee.com:src-openeuler/kylin-usb-creator.git,631ce53d8b074c9179011c038c989b9b7f63cfee
kylin-video,git@gitee.com:src-openeuler/kylin-video.git,5c816908fb96904401bf1292b3e75efaf6c8cd65
layer-shell-qt,git@gitee.com:src-openeuler/layer-shell-qt.git,b3b96c83e42f597d7d6a5d4be7c23d47f92b5a1d
leptonica,git@gitee.com:src-openeuler/leptonica.git,e1ee023dd76334015338646d81a6dc783f83b073
libXpresent,git@gitee.com:src-openeuler/libXpresent.git,44f3ce4b8e382134208adea7f823b4089d85001e
libchamplain,git@gitee.com:src-openeuler/libchamplain.git,bc71eec09216c1a726ad8354fadc4cb8dcc80e2e
libcrystalhd,git@gitee.com:src-openeuler/libcrystalhd.git,a83845105fa5181e5812ac25db0174050e82634a
libcue,git@gitee.com:src-openeuler/libcue.git,44a1acb35e7ef506df7f4cfe1510531002eb1bb0
libcutl,git@gitee.com:src-openeuler/libcutl.git,2888e33bf4b1cde9757bf6dfe00f72a10ddd5362
libdbusextended-qt5,git@gitee.com:src-openeuler/libdbusextended-qt5.git,f3c5be83f879a09d3c822bdbf08bb45b582abc05
libglademm24,git@gitee.com:src-openeuler/libglademm24.git,c1f4005a721ddd7048fcf9ff18b20c42d65e4bca
libgnomecanvasmm26,git@gitee.com:src-openeuler/libgnomecanvasmm26.git,70db51f15542404674d775c70ef611546df6386d
libgsasl,git@gitee.com:src-openeuler/libgsasl.git,27a76fe8396648a82d8b515fce28367267d3ab7c
libguess,git@gitee.com:src-openeuler/libguess.git,326ce608869fda3ad28d36dd26ae6e620a65928e
libkscreen-qt5,git@gitee.com:src-openeuler/libkscreen-qt5.git,7716c0fd6850f5bc1440726ae8fed17d401cf4df
libmatekbd,git@gitee.com:src-openeuler/libmatekbd.git,91bb13092015e5677bd1a4a13b3800a4370b161c
libmatemixer,git@gitee.com:src-openeuler/libmatemixer.git,2b429d2fa7f81616e51d5d18af5b2a0515ef2254
libmateweather,git@gitee.com:src-openeuler/libmateweather.git,180fbc59d45bb8200a87fab394f17b42c54554ac
libmediainfo,git@gitee.com:src-openeuler/libmediainfo.git,7a189bf2a22c99a8a5960b7888c08f94d2bf1568
libmpd,git@gitee.com:src-openeuler/libmpd.git,afd496009ba9a6f34b4cf78992114f9956e83580
libmpris-qt5,git@gitee.com:src-openeuler/libmpris-qt5.git,ff14ecc24e5d983b8f17b5f136f900a5b64fbe84
libntlm,git@gitee.com:src-openeuler/libntlm.git,c0485eb4bb9efc5639aafc89f8ab3ec4e579320a
libqtxdg,git@gitee.com:src-openeuler/libqtxdg.git,d4833795e53ad4481e4859d98cbc25bec3433ef8
libstatgrab,git@gitee.com:src-openeuler/libstatgrab.git,011f06d888547634467f7ab69f579c4c1bb6ee39
libsysstat,git@gitee.com:src-openeuler/libsysstat.git,ed8d85e2822809856d4733d92f966b7ecba0ade4
libupnp,git@gitee.com:src-openeuler/libupnp.git,e4afd849add006102bb622b158fefbc35f16b67a
libvncserver,git@gitee.com:src-openeuler/libvncserver.git,299ac87fb7199e288fee4dc50f0b691b1dc02f1d
libxfce4ui,git@gitee.com:src-openeuler/libxfce4ui.git,856208f6bd5cf1e279ceb501393fd68c8ceb63cc
libxfce4util,git@gitee.com:src-openeuler/libxfce4util.git,6a1916f1bd08808900ba2be5acbd004cb59c2510
libyang,git@gitee.com:src-openeuler/libyang.git,0a3885ee4d0e4a25f50a83120a912ac2cccbcc87
libzen,git@gitee.com:src-openeuler/libzen.git,e1e5b1c5f0e82af1f44bfea8e6677399be886cbf
lightdm,git@gitee.com:src-openeuler/lightdm.git,b65b9a4507521236427f047f8888dd61937c37bf
lightdm-gtk,git@gitee.com:src-openeuler/lightdm-gtk.git,d31375bdb6ff3fa5c0bc228339959628acc42959
log4cpp,git@gitee.com:src-openeuler/log4cpp.git,305dd0bcdf0114eebc83766cd61077ff1dd462c3
lsyncd,git@gitee.com:src-openeuler/lsyncd.git,781049ea3a8dc88012c76acc5ef81b7822629463
lxqt-build-tools,git@gitee.com:src-openeuler/lxqt-build-tools.git,37d412b560f1ae3cf3826bc9c70e456653701137
makeself,git@gitee.com:src-openeuler/makeself.git,c015f65f9eec92f296d0828b22ad8c4609063dd3
marco,git@gitee.com:src-openeuler/marco.git,24a2ea22c762f0d9599f24409a5b9fa44ad52bb4
mate-common,git@gitee.com:src-openeuler/mate-common.git,49394c9baa6031b0e098335f86d8332271eb1bff
mate-control-center,git@gitee.com:src-openeuler/mate-control-center.git,d176373457e4f3af680b56fa870f7eed96b31110
mate-desktop,git@gitee.com:src-openeuler/mate-desktop.git,3b6e7acd1abca84bb2f920e971c7f2e350117812
mate-media,git@gitee.com:src-openeuler/mate-media.git,4dec402191ed2eaeb8b66d5f405cc659a4c41c8c
mate-menus,git@gitee.com:src-openeuler/mate-menus.git,529d6972cebed9f08ddbf92ef3c3ddff1e78661f
mate-notification-daemon,git@gitee.com:src-openeuler/mate-notification-daemon.git,4fadd65f5d38f19999f33d77321e8cd647566821
mate-panel,git@gitee.com:src-openeuler/mate-panel.git,f7fe5555c7ee7f5a52e90aa12e23b7ea7c316b1b
mate-settings-daemon,git@gitee.com:src-openeuler/mate-settings-daemon.git,e6498f5d383ca337cf117c2019794bf3f2c1894c
mate-system-monitor,git@gitee.com:src-openeuler/mate-system-monitor.git,154a72b945f320d183e4253d327d5d454cc8e092
mate-terminal,git@gitee.com:src-openeuler/mate-terminal.git,3a1b9b5219aad442866dd5ae0d52eabbba6fa78a
mate-user-guide,git@gitee.com:src-openeuler/mate-user-guide.git,28ef790eed9eb6dca05122353babbee2d402a8d9
mathjax,git@gitee.com:src-openeuler/mathjax.git,54e581ddad4ff80170b6e319b4272f320a6b959b
mod_wsgi,git@gitee.com:src-openeuler/mod_wsgi.git,4a0a77cfb96d296ed05075a6394a82a4fcf441cd
mom,git@gitee.com:src-openeuler/mom.git,66f0457bc2925b2eeb02f7f484413797dec02639
mosquitto,git@gitee.com:src-openeuler/mosquitto.git,252a23e7bbaf5887287d3777d2206cbb553da8f8
mousepad,git@gitee.com:src-openeuler/mousepad.git,95e2ac7a009ca7f794df2cd04383432e93d87d69
mpv,git@gitee.com:src-openeuler/mpv.git,f12d6cebd4d7066155f1a7a0219a5da495adaca3
mujs,git@gitee.com:src-openeuler/mujs.git,9deb2de6e7d513112da2c622f15984f74490380f
mxml,git@gitee.com:src-openeuler/mxml.git,11be343275b77f078caba15d74571e32526987d1
ncbi-blast,git@gitee.com:misaka00251/ncbi-blast.git,6913a45ecb62bbbeab9fa6c22f8085f2ec7d0863
neo4j,git@gitee.com:misaka00251/neo4j.git,5fb5b0c6498318a53e0f8f4d5d49d0958c1a0a01
netdata,git@gitee.com:misaka00251/netdata.git,1aa71024a02d04e108a013422e51398d10859509
netsniff-ng,git@gitee.com:src-openeuler/netsniff-ng.git,247625ac15bd54eb50f58928f4fbfe12956cd719
nexus,git@gitee.com:src-openeuler/nexus.git,b8afc8ed20cf2d96991a2c9e17fbd3411152a54e
nfdump,git@gitee.com:src-openeuler/nfdump.git,642dbd440ed31bd725a56d2a042b63a623357cec
nispor,git@gitee.com:geasscore/nispor.git,53ff5f4048b993046f35644045643daff0d3bebc
nmstate,git@gitee.com:src-openeuler/nmstate.git,f3cdd4990ed9fb49086d0163c9a6f5137d520a53
nodejs-yarn,git@gitee.com:src-openeuler/nodejs-yarn.git,17ae717b3e21f3dfd772be9f638328831e4d1163
octave,git@gitee.com:src-openeuler/octave.git,d2373c1e0f49dd03af8e9dba25bb6e16b0bf3153
onboard,git@gitee.com:src-openeuler/onboard.git,1a98658ff2b820ba62dab2ed6328183936261609
oozie,git@gitee.com:src-openeuler/oozie.git,84970b8a8dd9d57f5cdc735767eb67b0002c4938
openEuler-menus,git@gitee.com:src-openeuler/openEuler-menus.git,c6fa2b9242959e6ea41c740df4b62c5e835d964b
openapi-schema-validator,git@gitee.com:src-openeuler/openapi-schema-validator.git,ebc2246e4d64cfa3e36bb3e51c0378294c26c09f
openapi-spec-validator,git@gitee.com:src-openeuler/openapi-spec-validator.git,5641473c7e7ac8e01eedfeb4bf0924d12beef06e
openbox,git@gitee.com:src-openeuler/openbox.git,b367d5dc60077a5069a849741ea7cf1467165379
openconnect,git@gitee.com:src-openeuler/openconnect.git,425b7e5f323f4b73488b49b6f41258bd968b0ee6
opencv,git@gitee.com:src-openeuler/opencv.git,4af026e8bc3e9997d5fdd75005982064061df530
otopi,git@gitee.com:src-openeuler/otopi.git,f84e680238fdb29022bc85bf9cf5f860c8103dd1
ovirt-cockpit-sso,git@gitee.com:src-openeuler/ovirt-cockpit-sso.git,b96aa0098ee5ff21ae65e0185bd2e521631310fa
ovirt-engine-dwh,git@gitee.com:src-openeuler/ovirt-engine-dwh.git,bbbf394e17e3514c694c9d437f1f0ffb1f601780
ovirt-engine-extension-aaa-jdbc,git@gitee.com:src-openeuler/ovirt-engine-extension-aaa-jdbc.git,211653e8722b9bf45b15746fff655cd9eff2eba6
ovirt-engine-extensions-api,git@gitee.com:src-openeuler/ovirt-engine-extensions-api.git,c4685cc8f16cb225087b485e18bb95f1e5110833
ovirt-engine-nodejs-modules,git@gitee.com:src-openeuler/ovirt-engine-nodejs-modules.git,549443e1895aa507d6141463ee8f32c3a97b7e2f
ovirt-engine-wildfly,git@gitee.com:src-openeuler/ovirt-engine-wildfly.git,e473fe485320ef5c9fcb26aaeae70e69d8e629d9
ovirt-engine-wildfly-overlay,git@gitee.com:src-openeuler/ovirt-engine-wildfly-overlay.git,fdcb474f63d5d3427e72b70da7f98dbef4e3a533
ovirt-imageio,git@gitee.com:src-openeuler/ovirt-imageio.git,51c057ef806f34502907324eeab78ddc586a2623
ovirt-jboss-modules-maven-plugin,git@gitee.com:src-openeuler/ovirt-jboss-modules-maven-plugin.git,9f4c0417eda86c4157fd18ddd3d87fdda32962ac
ovirt-setup-lib,git@gitee.com:src-openeuler/ovirt-setup-lib.git,accfa2bdbb5f1fa80cf7772d37e20f6c14b8ed77
ovirt-vmconsole,git@gitee.com:src-openeuler/ovirt-vmconsole.git,3195c24d97d9fc024b416079cf241a7f67152724
pangox-compat,git@gitee.com:src-openeuler/pangox-compat.git,b0049902f19bd0ea70250f481f590b0037277637
papirus-icon-theme,git@gitee.com:src-openeuler/papirus-icon-theme.git,5dbb8e70d2c94b92cd2425755831680937c85f32
parole,git@gitee.com:src-openeuler/parole.git,2a45076e74885a03eec540e936704377c63f16d7
parquet-format,git@gitee.com:src-openeuler/parquet-format.git,10e1b9ed92ff7abff66e82446dde8b9ba8fbfb7f
partclone,git@gitee.com:src-openeuler/partclone.git,b9edd8c559f478ba3fc029014a1507c70b3ea291
peony,git@gitee.com:src-openeuler/peony.git,42194f44e4fbf7b285bcfc8237e2fcdaf244a40f
peony-extensions,git@gitee.com:src-openeuler/peony-extensions.git,e79b8e15085a715f021f75a56512be98e2919319
percona-xtrabackup,git@gitee.com:src-openeuler/percona-xtrabackup.git,f03c5db0dab1b3029888a1b05c11ba7ee156e5f6
perl-Any-URI-Escape,git@gitee.com:src-openeuler/perl-Any-URI-Escape.git,26597fd88cf24662a7887b4c180abd50b228d09f
perl-Config-Tiny,git@gitee.com:src-openeuler/perl-Config-Tiny.git,9a3fa05fb02866602d79e3c70cbc4e60b1e7a22f
perl-XML-LibXML-PrettyPrint,git@gitee.com:src-openeuler/perl-XML-LibXML-PrettyPrint.git,bea21f645d9cadaaecb2f42a85a82746a9c96d32
php-pear,git@gitee.com:src-openeuler/php-pear.git,524bf6b1fdf1b1a2aaefa5797fe58984f3cc7810
php-pecl-zip,git@gitee.com:src-openeuler/php-pecl-zip.git,088c54e91fbbf693a20d66025d71f58bbed26f6b
plasma-breeze,git@gitee.com:src-openeuler/plasma-breeze.git,d378143c34c39b1ae2d456816ee6f9eae87a9a70
plasma-wayland-protocols,git@gitee.com:src-openeuler/plasma-wayland-protocols.git,240a56ed85ac78dc64de7eacd2f062e98a054f3b
pluma,git@gitee.com:src-openeuler/pluma.git,63b0192891d779ab86955fbdb1c6cbf9fa9b0f90
polkit-qt-1,git@gitee.com:src-openeuler/polkit-qt-1.git,ab4dab55a6f9d36b80a27c60db7cd3298f5090fe
predixy,git@gitee.com:src-openeuler/predixy.git,7bad10ab60cf341ec6bf70f0dd39714e2d97d4ac
prometheus,git@gitee.com:misaka00251/prometheus.git,81c5fa4e23fd87becf17e0844fabfb053a2363ca
promu,git@gitee.com:openeuler-risc-v/promu.git,4d666db951133ca4131d23186b832a701fcf84ae
pushgateway,git@gitee.com:src-openeuler/pushgateway.git,db1e234473f8de25de630cf968a671c663f46028
pyang,git@gitee.com:src-openeuler/pyang.git,f16d60341d3f2897a466a7e83f8e4f61a5ee2f96
pycharm-community,git@gitee.com:src-openeuler/pycharm-community.git,3958b08d1058782ee1636eb1e1db52a6ba4d482f
python-Automat,git@gitee.com:src-openeuler/python-Automat.git,96c5bd990a08c044236ecfab2c2259747f2b84e0
python-ConfigArgParse,git@gitee.com:src-openeuler/python-ConfigArgParse.git,a651741f087e6d90b8026b66714941fe055cf5a7
python-GitPython,git@gitee.com:src-openeuler/python-GitPython.git,a559f19e5a2196de94aa6ab0e2bae8cec1a47155
python-Logbook,git@gitee.com:src-openeuler/python-Logbook.git,f9cfff24ae965a2bc2c0b3c21aa4bb987e814e48
python-Pympler,git@gitee.com:src-openeuler/python-Pympler.git,009c66ee08009201e9f47cf3db8c1a2926ed9165
python-XStatic,git@gitee.com:src-openeuler/python-XStatic.git,89c5bca58204760d19765bee57fb139925655702
python-actdiag,git@gitee.com:src-openeuler/python-actdiag.git,2bf449d53b76a661de14200adbcda1da59fb31da
python-aiohttp,git@gitee.com:src-openeuler/python-aiohttp.git,98077e20de0b0114a846fa9778efdb0cbea45c94
python-amqp,git@gitee.com:src-openeuler/python-amqp.git,cdfb14964f7201a937434abe3c5a859ee68543c2
python-argon2-cffi,git@gitee.com:src-openeuler/python-argon2-cffi.git,e340327881e61d314917b4fb7a712e5134570975
python-asgiref,git@gitee.com:src-openeuler/python-asgiref.git,0e3735d401ca62f50e6c0324ed78cdd682461b3d
python-async-timeout,git@gitee.com:src-openeuler/python-async-timeout.git,0e55c9207e70c121c3c7a8b22adb3769b6f4022d
python-bandit,git@gitee.com:src-openeuler/python-bandit.git,5e255527ca059f759f2721007d84052799ee857d
python-bashate,git@gitee.com:src-openeuler/python-bashate.git,42ae16b725bf31729f9238e4263fdf5c6cba9fc5
python-betamax,git@gitee.com:src-openeuler/python-betamax.git,5d60fa09c4b1daa1572c10d4f5326cf045cf9741
python-bitmath,git@gitee.com:src-openeuler/python-bitmath.git,b7bb9cb6f0816b67af0475acd0b8c9aba183c2a3
python-bleach,git@gitee.com:src-openeuler/python-bleach.git,3502c5d0117d5acedf0856c9dde98ba944d031c8
python-blockdiag,git@gitee.com:src-openeuler/python-blockdiag.git,ddcf2a248c113ecdad848fcbed7e4d6eeea10976
python-blurb,git@gitee.com:src-openeuler/python-blurb.git,52543a0e89347517abbf43ab5c8d216b7611cbe8
python-boto,git@gitee.com:src-openeuler/python-boto.git,1322503e82b132b68b3f6c3ce87518aaa31a6c90
python-cachez,git@gitee.com:src-openeuler/python-cachez.git,8b95d505a64661cc684bca2b898c087e5eacd2ee
python-certbot,git@gitee.com:src-openeuler/python-certbot.git,79de4d749a18e50486bb285ff81f4bd8402ce70e
python-cfgv,git@gitee.com:src-openeuler/python-cfgv.git,e7e8642e20b5fb7ffe8af9906a06349c66084114
python-clickclick,git@gitee.com:src-openeuler/python-clickclick.git,dc194c4e025ae27f22c0facd09058b93a6485f69
python-cmd2,git@gitee.com:src-openeuler/python-cmd2.git,b2eed86679fadf20deddad63b8a1246acc07796e
python-codecov,git@gitee.com:src-openeuler/python-codecov.git,1a9f290bd8e83489874135deabe786505ea3c5f5
python-colorclass,git@gitee.com:src-openeuler/python-colorclass.git,f2c791e7c21fc3c9e28294a070bdc1131eaf944d
python-colorlog,git@gitee.com:src-openeuler/python-colorlog.git,a8fe6d2b0f6a008802e6b58cbe0696b4d7aa9270
python-connexion,git@gitee.com:src-openeuler/python-connexion.git,e08f2a8ba4a1a698618ca5358b6dc5fc0eed34e1
python-croniter,git@gitee.com:src-openeuler/python-croniter.git,0fe89c9e72ef1b8390749dd9540c134bb58d1517
python-daiquiri,git@gitee.com:src-openeuler/python-daiquiri.git,c6ace9603bf60e28fd27956994c3e81ef79b4062
python-dataclasses,git@gitee.com:src-openeuler/python-dataclasses.git,0d1ba7229132e53da640bacf48ebdd211ff6a00f
python-dateparser,git@gitee.com:src-openeuler/python-dateparser.git,da2ba4c36916a7cf0bc80108ea810c63e1ad3147
python-distutils-extra,git@gitee.com:src-openeuler/python-distutils-extra.git,4ea66e76cf7db8fb6804fb21328961c0730a3a2b
python-django,git@gitee.com:src-openeuler/python-django.git,a5e348ab071c723c84d3c9bf5300a8fa2585aa4d
python-django-appconf,git@gitee.com:src-openeuler/python-django-appconf.git,25a4a6ccac950796a57352ac57880880eed6aeb0
python-django-compressor,git@gitee.com:src-openeuler/python-django-compressor.git,2aa4e4f2e1a75de3ccff64aba7f4e6aa6304dd78
python-django-debreach,git@gitee.com:src-openeuler/python-django-debreach.git,c9f4475fb89f158d8ddd441bb85592901447e352
python-django-pyscss,git@gitee.com:src-openeuler/python-django-pyscss.git,27cac540098c55496a837537674c49c0f68061f5
python-dogpile.cache,git@gitee.com:src-openeuler/python-dogpile.cache.git,c7d941a657e1d89ee73268295e1f89a94ae50634
python-dotenv,git@gitee.com:src-openeuler/python-dotenv.git,a022c76853e66527ae2d4a12188a0efa59e4b8be
python-dulwich,git@gitee.com:src-openeuler/python-dulwich.git,bdda75b82becf905c4be6b220d97c800dc785503
python-enmerkar,git@gitee.com:src-openeuler/python-enmerkar.git,8587f1acee4c59d3d32c6c437e70b42248bbd448
python-esdk-obs-python,git@gitee.com:src-openeuler/python-esdk-obs-python.git,1eaf22bb2750f07ae155a640158aa0b4caa577a7
python-eventlet,git@gitee.com:src-openeuler/python-eventlet.git,1de72e5cc4e9b8e4ac571c77da76848332bf360d
python-fastimport,git@gitee.com:src-openeuler/python-fastimport.git,241dd919789f700b8c79d536c4e7b131c8fea218
python-faust,git@gitee.com:src-openeuler/python-faust.git,2d749fd5e55c96a360ddb2268ef73909a13eec03
python-flake8-import-order,git@gitee.com:src-openeuler/python-flake8-import-order.git,45bf7477e599641d5102357abdc141c7b247b141
python-flask-testing,git@gitee.com:src-openeuler/python-flask-testing.git,b5ebc2d3a4d5bdee59d9e5b08bf4e4dbd443a7c0
python-funcparserlib,git@gitee.com:src-openeuler/python-funcparserlib.git,279453ccd083a139d8e116c6edb0dde291662d96
python-gabbi,git@gitee.com:src-openeuler/python-gabbi.git,a836314ece980461f782ea8bfa65246d22535596
python-geomet,git@gitee.com:src-openeuler/python-geomet.git,76681b6d8a50003728700df5124633c41b0afb3e
python-gitdb,git@gitee.com:src-openeuler/python-gitdb.git,999b5d555402dab9c758570a1f3dc2c428df66fb
python-graphviz,git@gitee.com:src-openeuler/python-graphviz.git,12a76b7e469370c932b79d7899723a88c7eb2d38
python-h11,git@gitee.com:src-openeuler/python-h11.git,1ff2e5d6dd17512be468aa08a90e9df3c5be5765
python-h2,git@gitee.com:src-openeuler/python-h2.git,e061cef2c7a6875749f19276be18426f200a8769
python-httpie,git@gitee.com:src-openeuler/python-httpie.git,9051d0f66f86fecd22532f7cba12246cae80d11d
python-icdiff,git@gitee.com:src-openeuler/python-icdiff.git,066c27ee26d655296ae407c6f70966bd65d481a5
python-identify,git@gitee.com:src-openeuler/python-identify.git,c8a9b0d84aaeef567bbe03a59c33612568a37635
python-ifaddr,git@gitee.com:src-openeuler/python-ifaddr.git,63bc9f136c0489c80774d49d87c8c183b2a9bff7
python-inflection,git@gitee.com:src-openeuler/python-inflection.git,c8ddd9baf764391c81c35da95d68ab20deffbeb3
python-jenkins,git@gitee.com:src-openeuler/python-jenkins.git,3d36b96b31c8ebe08d1d34265e0d45d4e4b06393
python-josepy,git@gitee.com:src-openeuler/python-josepy.git,152d1c954245bb43f9f5798f560cb6f274443faa
python-json_logger,git@gitee.com:src-openeuler/python-json_logger.git,9176c6b5a601d8c0b72883d1adb0bde183342149
python-jsonpath-rw,git@gitee.com:src-openeuler/python-jsonpath-rw.git,56263879500769eecbff7561639bb076330c8da6
python-jsonpath-rw-ext,git@gitee.com:src-openeuler/python-jsonpath-rw-ext.git,2155c6cfd900fc5fbd14c2bf4e11baba1c10b05e
python-kaitaistruct,git@gitee.com:src-openeuler/python-kaitaistruct.git,ef5ce4db6dd0b295d8406be591ce987dc13b9afa
python-kombu,git@gitee.com:src-openeuler/python-kombu.git,fcd692f286161592d29ee82449bf4c9e2b6481b4
python-ldap3,git@gitee.com:src-openeuler/python-ldap3.git,ec4aa2080eb75682d32fe51dbe3117517f71c583
python-lesscpy,git@gitee.com:src-openeuler/python-lesscpy.git,b36837a850d9482d964fe23c122a4caaa70c2b5a
python-lexicon,git@gitee.com:src-openeuler/python-lexicon.git,936ae12b6a2c4591558221d0bc68090501a45760
python-libyang,git@gitee.com:src-openeuler/python-libyang.git,181173c9a4668fdcde2828ff2141164a374e9fe6
python-m2r,git@gitee.com:src-openeuler/python-m2r.git,8190837f69722acbbb0fd4f2f41b75126623d257
python-magic,git@gitee.com:src-openeuler/python-magic.git,d12e2f153cac927f1f06a4d083e4eeb5f5a20212
python-migrate,git@gitee.com:src-openeuler/python-migrate.git,3208435e1ae6cdc5e96f83942c3eb42d3dcffe4a
python-mitmproxy,git@gitee.com:src-openeuler/python-mitmproxy.git,e8fe57fc96f51903b46779e07f2ba3e608a43bd3
python-mode,git@gitee.com:src-openeuler/python-mode.git,67d1c2922c06916087ee3621e592307d2e0ff1e3
python-monotonic,git@gitee.com:src-openeuler/python-monotonic.git,8912a9ec999f33666fac67366a046a3706b7cb20
python-msgpack,git@gitee.com:src-openeuler/python-msgpack.git,51c3b6e3f1d9ee7b30a697df2daff3d88da12701
python-notario,git@gitee.com:src-openeuler/python-notario.git,ec8a572d10068a60c5b3755cb9a52cacc0ed87c1
python-ovirt-engine-sdk4,git@gitee.com:src-openeuler/python-ovirt-engine-sdk4.git,4c249e5fe93f66b53453945e59bb8d3f81025a3f
python-parsedatetime,git@gitee.com:src-openeuler/python-parsedatetime.git,fef6bbe69b1608c5a7a379c30efdd9f32c168944
python-pep517,git@gitee.com:src-openeuler/python-pep517.git,7fbcb3427229d14b2f84298fa14148be7e784dfd
python-persist-queue,git@gitee.com:src-openeuler/python-persist-queue.git,94632e99a991983376d74f7c2e43fe4eb710ce7a
python-pint,git@gitee.com:src-openeuler/python-pint.git,d7e204bd88e49d693bc9bfb2d4d71d5763539d7b
python-pkginfo,git@gitee.com:src-openeuler/python-pkginfo.git,153b8b6f5d3a506abafc5388dec00a8c96519026
python-posix_ipc,git@gitee.com:src-openeuler/python-posix_ipc.git,ddd0b1a822511aa1ef031f55712f2ef2f216b696
python-priority,git@gitee.com:src-openeuler/python-priority.git,07e76f7131eff18486af4717b6a9afcb4860ea15
python-prometheus-api-client,git@gitee.com:src-openeuler/python-prometheus-api-client.git,5169051365a8be0f828cc4e83efc92ffca023428
python-prometheus_client,git@gitee.com:src-openeuler/python-prometheus_client.git,3a8de5f0bdbe731a57918883075f5d9352106884
python-pure-sasl,git@gitee.com:src-openeuler/python-pure-sasl.git,77655eb154429f1c9bca07ca8d61740ca2e9c754
python-pyRFC3339,git@gitee.com:src-openeuler/python-pyRFC3339.git,9f25005ab3446ef1847e2acad79649e5b0bf64f4
python-pycares,git@gitee.com:src-openeuler/python-pycares.git,a75652fcb45d739126734a300133b1520546443f
python-pydot,git@gitee.com:src-openeuler/python-pydot.git,8ffa23be94c867a60aa57cd5ab3e9187c99b16ff
python-pymemcache,git@gitee.com:src-openeuler/python-pymemcache.git,5821c83a748f1a42795758c840e64ccc2c16aeb0
python-pyngus,git@gitee.com:src-openeuler/python-pyngus.git,f8b78d981790d42ef4e55e37d0c58ede8aa798c8
python-pyperclip,git@gitee.com:src-openeuler/python-pyperclip.git,c1695775771276bb0692bbb3e40e5633ebcd3d9d
python-pysendfile,git@gitee.com:src-openeuler/python-pysendfile.git,89cecdb172260062f614261e91ede36a462cd0aa
python-pyserial,git@gitee.com:src-openeuler/python-pyserial.git,20b2aa0c63bd5fac17cc62360f4bde788c2c6f8b
python-pysmi,git@gitee.com:src-openeuler/python-pysmi.git,0f55ee614fb3384b8dfcab90c8d5c38fb66e07e2
python-pysnmp,git@gitee.com:src-openeuler/python-pysnmp.git,218aed1531d00853a8fa9a634e85994a23a23f72
python-pytest-metadata,git@gitee.com:src-openeuler/python-pytest-metadata.git,da0e74ebf6b085f027c7e8fd7715e1b2efa2dac6
python-pytest-relaxed,git@gitee.com:src-openeuler/python-pytest-relaxed.git,56604845e25bfc698f3bc717b455a2e0a7884a5a
python-pytimeparse,git@gitee.com:src-openeuler/python-pytimeparse.git,339b71deb86b2022ac79e70392c3936d7b95784f
python-pyusb,git@gitee.com:src-openeuler/python-pyusb.git,da96cc802be6e599c233c8306bfdd970332bbb9a
python-randomize,git@gitee.com:src-openeuler/python-randomize.git,42370f68bd0c0f3cfdc87534cae85305fdeb7a65
python-rcssmin,git@gitee.com:src-openeuler/python-rcssmin.git,b85705bc4e4a211c9fc0f2af873620c656a636fd
python-readme-renderer,git@gitee.com:src-openeuler/python-readme-renderer.git,b4d67d0ea396c84c20d7d16705ecfdece2ee2789
python-regex,git@gitee.com:src-openeuler/python-regex.git,82fc571bf8274ea208042797a44d7c51eb928b99
python-repoze.sphinx.autointerface,git@gitee.com:src-openeuler/python-repoze.sphinx.autointerface.git,c6a4fe430acc12ce22955792e4763b23efcd2121
python-requests-kerberos,git@gitee.com:src-openeuler/python-requests-kerberos.git,cd1b9f687fe6ee1f14f5042b0488340fa70d3c2e
python-retryz,git@gitee.com:src-openeuler/python-retryz.git,99db83168e286841dd583a2e68d969cf65763505
python-rfc3339-validator,git@gitee.com:src-openeuler/python-rfc3339-validator.git,691bd1f24e53f2de122d86cc060999f461425554
python-rfc3986,git@gitee.com:src-openeuler/python-rfc3986.git,d964fa5b735c4e700970cf37be6a38074096c88b
python-rjsmin,git@gitee.com:src-openeuler/python-rjsmin.git,b3ee93c0bad937ef743ae131a58e0151ea4f611d
python-robotframework,git@gitee.com:src-openeuler/python-robotframework.git,559f85c3b76b83cbcac9608b888b76ca7c9a70c0
python-seqdiag,git@gitee.com:src-openeuler/python-seqdiag.git,685386196d79d69f901e6c4be7a8ccee44f1f7e3
python-service-identity,git@gitee.com:src-openeuler/python-service-identity.git,8279e9a9d12bf280b2a334621964394fc61a778c
python-setproctitle,git@gitee.com:src-openeuler/python-setproctitle.git,6c0a923634d7aaca1938837f237b7f73d3a35d6a
python-should_dsl,git@gitee.com:src-openeuler/python-should_dsl.git,e88cdca4210be90be54c96f8696ff5e44f70655d
python-smmap,git@gitee.com:src-openeuler/python-smmap.git,fb92aebc924e2ae4c70d9461185c21a85f4e73c6
python-sphinxcontrib-actdiag,git@gitee.com:src-openeuler/python-sphinxcontrib-actdiag.git,428783f5f351296d76be70ae47769bfb9c957530
python-sphinxcontrib-apidoc,git@gitee.com:src-openeuler/python-sphinxcontrib-apidoc.git,178e3aed664b10cd26fb8099ff3ed69d57de9ecf
python-sphinxcontrib-blockdiag,git@gitee.com:src-openeuler/python-sphinxcontrib-blockdiag.git,88355c9df8c956a49a584f67ac1a6a9051207f4d
python-sphinxcontrib-httpdomain,git@gitee.com:src-openeuler/python-sphinxcontrib-httpdomain.git,8a4e29125ebf8db5a6daf78578fdc361da869d72
python-sphinxcontrib-pecanwsme,git@gitee.com:src-openeuler/python-sphinxcontrib-pecanwsme.git,0f95c9d06ad20ee70b1903740f568d12bdbddbd5
python-sphinxcontrib-seqdiag,git@gitee.com:src-openeuler/python-sphinxcontrib-seqdiag.git,eb1ab58ff6576231c9e1ab03baabbdba1b4309bf
python-sphinxcontrib-svg2pdfconverter,git@gitee.com:src-openeuler/python-sphinxcontrib-svg2pdfconverter.git,823a9b0d5f2e68e14fd67a517b239c20fffe9e15
python-sqlparse,git@gitee.com:src-openeuler/python-sqlparse.git,790324aa6bb544c03329f5c72443e3d24adb2013
python-statsd,git@gitee.com:src-openeuler/python-statsd.git,6706a51906e8198bd9ec3cc21a12b193fa6a54ad
python-stevedore,git@gitee.com:src-openeuler/python-stevedore.git,d8d85c747f6938c0494518fcb5f1f23a7be05a8a
python-strict-rfc3339,git@gitee.com:src-openeuler/python-strict-rfc3339.git,f282aacc45f44d399d6bd0dcec8d1fb927bcbf16
python-supervisor,git@gitee.com:src-openeuler/python-supervisor.git,3567d83d4bc7831410c0498d8d30bd9c51106a32
python-tabulate,git@gitee.com:src-openeuler/python-tabulate.git,e444c304e185043ca850411b47f0cea8069bc70a
python-tenacity,git@gitee.com:src-openeuler/python-tenacity.git,654ae19e69cf73d57df5d2cefca2221b95821d17
python-terminaltables,git@gitee.com:src-openeuler/python-terminaltables.git,8c7b21091f0e9c8236293a8c58507bba8a6610f5
python-testrepository,git@gitee.com:src-openeuler/python-testrepository.git,9072988f617993924262b66d929cba01693ffb40
python-testresources,git@gitee.com:src-openeuler/python-testresources.git,056840b138a05961c49ae004f462d50a859288bd
python-tinyrpc,git@gitee.com:src-openeuler/python-tinyrpc.git,f17114fd64a68b13819ac2d32f5c585a3b1d5ddd
python-tomli,git@gitee.com:src-openeuler/python-tomli.git,ed60a135b0199e20fa6dad1b4a74bb940001c32d
python-treelib,git@gitee.com:src-openeuler/python-treelib.git,0735f691bb9c94791077de3cf821992b07743339
python-twine,git@gitee.com:src-openeuler/python-twine.git,8173bd175491e11f2512d4f2f293b63103ca7ce6
python-twisted,git@gitee.com:src-openeuler/python-twisted.git,4eaf2ffb18b8bf75ef599b736f766c2f96313d47
python-typing,git@gitee.com:src-openeuler/python-typing.git,d2245f5221d9ffaa4c95ae4c1db5f0132a80d615
python-vine,git@gitee.com:src-openeuler/python-vine.git,51962258b758508575eee2db8a4b2e9d667d0f30
python-voluptuous,git@gitee.com:src-openeuler/python-voluptuous.git,c83aa6f20411d44b7a9d1b228c681739798ec55c
python-warlock,git@gitee.com:src-openeuler/python-warlock.git,566b53ab04c98ccf37f70c225bc6a025553095c7
python-watchdog,git@gitee.com:src-openeuler/python-watchdog.git,0fe59ef0551483ae5f452f060bc9ee6fa4f4bf60
python-webcolors,git@gitee.com:src-openeuler/python-webcolors.git,c2e4c071739181c132d2380dd623a10b1ea18a55
python-wsgi-intercept,git@gitee.com:src-openeuler/python-wsgi-intercept.git,87fa124c2890eaa3713e3317b2ca28b84d63a463
python-wsproto,git@gitee.com:src-openeuler/python-wsproto.git,c42c58df41e19ce7ee22b0f0fa85658009982706
python-xlib,git@gitee.com:src-openeuler/python-xlib.git,cc200bfab054aa1c651c960fd69ea704839cf9d3
python-xmod,git@gitee.com:src-openeuler/python-xmod.git,94b87a8cdfd3b2dd420091b39ae42a96eec880a6
python-xvfbwrapper,git@gitee.com:src-openeuler/python-xvfbwrapper.git,800cda6bcd45a4929ed7cecae99266dfe270b283
python-yappi,git@gitee.com:src-openeuler/python-yappi.git,7d01ffce5722b305f8db6edb95b31499de0523b8
python-yaql,git@gitee.com:src-openeuler/python-yaql.git,5df6d5e64d988d9f9afba4f971cf182d718ebdf2
python-yarg,git@gitee.com:src-openeuler/python-yarg.git,9ebe89b783b52c93d7c6689efcd507f823eddfc9
python-yarl,git@gitee.com:src-openeuler/python-yarl.git,c88af23e437f35443f98787f977fd4b9b0be855b
python-zeroconf,git@gitee.com:src-openeuler/python-zeroconf.git,e46ff615c9fa8fa2390f9152c1a28dc223026ea5
python-zstandard,git@gitee.com:src-openeuler/python-zstandard.git,f3f3030965bf81936becb0657a2063f08b6adbb2
qjson,git@gitee.com:src-openeuler/qjson.git,cba5d1683abdf83a2ee09de2ba6c5d4303ced6fa
qt-at-spi,git@gitee.com:src-openeuler/qt-at-spi.git,bd2e7fced54a00da85c067e30872c5b1327329bf
qt5-qtcharts,git@gitee.com:src-openeuler/qt5-qtcharts.git,03fc98c2bfef7657d0d1898ec2d81549c0b4a048
qt5-qtspeech,git@gitee.com:src-openeuler/qt5-qtspeech.git,beea7af70e30060cdc433b95b25aab1022acc60a
qt5-qtvirtualkeyboard,git@gitee.com:src-openeuler/qt5-qtvirtualkeyboard.git,ec465c2d081fb35cbe7c93b41be57dbd7b0243d6
qt5-ukui-platformtheme,git@gitee.com:src-openeuler/qt5-ukui-platformtheme.git,b5fc0ae5d011c6a4f1ed369f06b9e44f1a7e6d95
qt5dxcb-plugin,git@gitee.com:src-openeuler/qt5dxcb-plugin.git,3df93aebc0ff35ee9eafbd494ded88b28296eed6
qt5integration,git@gitee.com:src-openeuler/qt5integration.git,fcd5b9cd4873c6ae21436762b99a6246e6267dca
qtchooser,git@gitee.com:src-openeuler/qtchooser.git,50af361eda7134b03ad9f4fee762faaee78bffa3
ranger,git@gitee.com:src-openeuler/ranger.git,6cdb737fdeb236119fc800f56684447ab5c6c45e
redshift,git@gitee.com:src-openeuler/redshift.git,20b04e8ac601e2131351eba77a8a21907b84c559
riemann-c-client,git@gitee.com:src-openeuler/riemann-c-client.git,a029982e7b2c1c3d90c26983f93fea47cea96cfb
rinetd,git@gitee.com:src-openeuler/rinetd.git,78e4d676fd695da106574376b1cd613ac6e40cd8
ristretto,git@gitee.com:src-openeuler/ristretto.git,88b250f7b1a8a093d039ff4d41d4756b06fcc053
robodoc,git@gitee.com:src-openeuler/robodoc.git,1b5c1981bb0385948deb15ee6d7d1c9979a89f2a
rubberband,git@gitee.com:src-openeuler/rubberband.git,295826411c13a003bb4b574d02cebaa15aea3eb1
rubik,git@gitee.com:src-openeuler/rubik.git,e90a3da66d7565e7b6c5af04b690980d48d20df0
rubygem-cool.io,git@gitee.com:src-openeuler/rubygem-cool.io.git,f2f123dd34e7b2ce3b6fe1748b9104e9e156ecf1
rubygem-dig_rb,git@gitee.com:src-openeuler/rubygem-dig_rb.git,ab3a4a26666c597cfdf49442991d3403b5503ca7
rubygem-elasticsearch-ruby,git@gitee.com:src-openeuler/rubygem-elasticsearch-ruby.git,8454f5dff139fa89547c41b2d54e38025fc937a6
rubygem-fluent-plugin-elasticsearch,git@gitee.com:src-openeuler/rubygem-fluent-plugin-elasticsearch.git,42af387cd678a1ad266bd0d8cfdecf3a8326083c
rubygem-fluentd,git@gitee.com:src-openeuler/rubygem-fluentd.git,1e3df276954b821a56bbf9c782d31cb8b6ffb6cc
rubygem-http_parser,git@gitee.com:src-openeuler/rubygem-http_parser.git,dee87b9a808f02465cdbde2357bf31c3db011d18
rubygem-serverengine,git@gitee.com:src-openeuler/rubygem-serverengine.git,03673d6716f0d39dc6352bf3df0cec502d29258f
rubygem-sigdump,git@gitee.com:src-openeuler/rubygem-sigdump.git,2b3a5ae98cfb2b90d2b81af49d509b5b6717d883
rubygem-strptime,git@gitee.com:src-openeuler/rubygem-strptime.git,f1d3e357eeaa66be8e0c9ce0c5c1d8301749240e
rubygem-tzinfo-data,git@gitee.com:src-openeuler/rubygem-tzinfo-data.git,8ff3f0eb7d59eab73331820c373a76eab2fd853c
rubygem-yajl-ruby,git@gitee.com:src-openeuler/rubygem-yajl-ruby.git,af0ce5fc5d9c3cb56b8781bbcc4bfce994847fc6
rygel,git@gitee.com:src-openeuler/rygel.git,ad657119830b7ea1172a50ef5533b15b5371ff5a
safelease,git@gitee.com:src-openeuler/safelease.git,072bd6daaf9ecda4185c2375ed7010e38774c6ce
scl-utils,git@gitee.com:src-openeuler/scl-utils.git,d3cfac34f179f2ab614b5b8ed1b2cf04c4e62e57
shared-desktop-ontologies,git@gitee.com:src-openeuler/shared-desktop-ontologies.git,3f90d50a8c9076433f2b2c4eb06e5c1cb10570d4
shotwell,git@gitee.com:src-openeuler/shotwell.git,1aeb953412376b610460405ecc999dc99e7cf21f
simple-scan,git@gitee.com:src-openeuler/simple-scan.git,4e9b92c43788113b4a95e5bf6037adb52d1cb212
slapi-nis,git@gitee.com:src-openeuler/slapi-nis.git,93706d8592e6d14e2b1d38fbfa75656c150012b0
snmp4j,git@gitee.com:src-openeuler/snmp4j.git,e12e0d037c208a8db4ad32aaf20ed0b92655e241
startdde,git@gitee.com:openeuler-risc-v/startdde.git,bcd23e3460423cd822a8c2f5ca5bad431fd2a39e
stress-ng,git@gitee.com:src-openeuler/stress-ng.git,ace36eaca3a10bde81a6fe1cf037433e50cb23fd
sundials,git@gitee.com:src-openeuler/sundials.git,28e96ccd359f30fa41f51c2436d2ab61fb84639b
sunpinyin,git@gitee.com:src-openeuler/sunpinyin.git,c168dd19fdb9a65ea28da48d629ee0c9a2d7b442
swagger-spec-validator,git@gitee.com:src-openeuler/swagger-spec-validator.git,c39a68beaf602f137d11541e0178a26a83684d22
swagger-ui-bundle,git@gitee.com:src-openeuler/swagger-ui-bundle.git,02aace301649d9d98522d04766fbb3f02bccc496
system-config-language,git@gitee.com:src-openeuler/system-config-language.git,3e83384460bbd8d081920527d1afec9035e4f613
template-glib,git@gitee.com:src-openeuler/template-glib.git,391df7f8bfa5e0da49281fa038ea10b3644e9e41
tepl,git@gitee.com:src-openeuler/tepl.git,727c2ad709d3cfec840534d7c9167596aef02d62
tesseract,git@gitee.com:src-openeuler/tesseract.git,31fcbbc427a11d38cef500185b173a187ceed076
tesseract-tessdata,git@gitee.com:src-openeuler/tesseract-tessdata.git,de926cb1bd5b9a0a9b443f6906075d8ee580f6b2
thunar-archive-plugin,git@gitee.com:src-openeuler/thunar-archive-plugin.git,70989fc4af3ac5b3275a89fa4e05f488ff33b8e1
thunar-media-tags-plugin,git@gitee.com:src-openeuler/thunar-media-tags-plugin.git,bc4af14c565eceade021ca002de306fc40a50c45
thunar-vcs-plugin,git@gitee.com:src-openeuler/thunar-vcs-plugin.git,24764259b1eb22f60804d353ba7c8433f726e93c
thunar-volman,git@gitee.com:src-openeuler/thunar-volman.git,6a930842e47ee91759b551ae6a7574cf5d24f5c3
thunarx-python,git@gitee.com:src-openeuler/thunarx-python.git,0fab69c5f72024969125d6fb9d126eef6f503809
tig,git@gitee.com:src-openeuler/tig.git,d875c3e2b262a2df07ffe3d1c072941028f4eb84
time-shutdown,git@gitee.com:src-openeuler/time-shutdown.git,abb30fe545191f6f213acc0045dff4a8aebd6dc4
tldr,git@gitee.com:src-openeuler/tldr.git,b38fbc593151d4e8f1ee0f0475442ea83a47b8f7
tumbler,git@gitee.com:src-openeuler/tumbler.git,334f92a386b2a96d19de88d9471b093c74c9f4dd
ubuntukylin-default-settings,git@gitee.com:src-openeuler/ubuntukylin-default-settings.git,fae15eaa4242ec9efbf7212faceff9e0258a889f
udisks2-qt5,git@gitee.com:src-openeuler/udisks2-qt5.git,429f64b8dc341c5b1659ae2b92bf5b89594d2c89
ukui-biometric-auth,git@gitee.com:src-openeuler/ukui-biometric-auth.git,bcd99760e8564e64eba8c3aa5e76316bca55cf65
ukui-control-center,git@gitee.com:src-openeuler/ukui-control-center.git,393e4680bbbb54fa06c36a7d4d915a95bc447b3e
ukui-desktop-environment,git@gitee.com:src-openeuler/ukui-desktop-environment.git,89bac89ff03cb4ba71a793f57a6246b24241253b
ukui-greeter,git@gitee.com:src-openeuler/ukui-greeter.git,89fa87630ad2781a5d78580f53018cf5cca636ba
ukui-interface,git@gitee.com:src-openeuler/ukui-interface.git,be740faeca26796158bf29cfdcaca85cb00d3ca7
ukui-kwin,git@gitee.com:src-openeuler/ukui-kwin.git,14f1bb43a3e75bc1cd97fdf04a8a4be770338252
ukui-media,git@gitee.com:src-openeuler/ukui-media.git,c6d6f5dcc6325648119635bcfc343f4795d78fa3
ukui-menu,git@gitee.com:src-openeuler/ukui-menu.git,e62bbfed0d5dee783f22d98ed1744ab9c5d4dd17
ukui-notification-daemon,git@gitee.com:src-openeuler/ukui-notification-daemon.git,d16ad81e79d81740b899ce72da5a06fd0c9c6849
ukui-panel,git@gitee.com:src-openeuler/ukui-panel.git,a6ea57d559c47c6fdd0db2d0c556cb35336f7efb
ukui-power-manager,git@gitee.com:src-openeuler/ukui-power-manager.git,d4813a7116b0d876cf9bb66dbeff3d898e12b2f5
ukui-screensaver,git@gitee.com:src-openeuler/ukui-screensaver.git,b3921d58d1ef9138d5b45dbd32f79ab9ee3a3eee
ukui-session-manager,git@gitee.com:src-openeuler/ukui-session-manager.git,5f0c31e90b9089fa58429cd938adb5389dd40b58
ukui-settings-daemon,git@gitee.com:src-openeuler/ukui-settings-daemon.git,3c4baa98eeb02df3a61128d5d4bc7a5c2c81c3e0
ukui-sidebar,git@gitee.com:src-openeuler/ukui-sidebar.git,e5926da850414c42313cea24c6d47c1c97094a99
ukui-system-monitor,git@gitee.com:src-openeuler/ukui-system-monitor.git,93b32072e6eb063561b607dc49a66880cb204f4b
ukui-themes,git@gitee.com:src-openeuler/ukui-themes.git,43842cb781fdb95539058738429c80dc78f0abf8
ukui-wallpapers,git@gitee.com:src-openeuler/ukui-wallpapers.git,34421a6fe033062c0e93fd581c1ed83f3a7f75a7
ukui-window-switch,git@gitee.com:src-openeuler/ukui-window-switch.git,f7b005e49d255458d6bbce1b2e351439e12c8cd5
ukwm,git@gitee.com:src-openeuler/ukwm.git,bf990966c5e7addaaf1c8cbc9547e989c3bcb1c1
unique3,git@gitee.com:src-openeuler/unique3.git,e25addbb233cf143d13c8123f08ac08c89cefd21
vamp-plugin-sdk,git@gitee.com:src-openeuler/vamp-plugin-sdk.git,5013def10b45797a64ac361eb2a5757255d56063
vdsm,git@gitee.com:src-openeuler/vdsm.git,b904502900f4125fd0b17b967d61448e69233b29
vdsm-jsonrpc-java,git@gitee.com:src-openeuler/vdsm-jsonrpc-java.git,b9ab0daf61fd708d9a2733b5d77ad370f1e6b700
vhostmd,git@gitee.com:src-openeuler/vhostmd.git,2378c343de31411b39c64169a533073929c637f1
vlc,git@gitee.com:openeuler-risc-v/vlc.git,02b8d0915f55c04b04d72e173fab96d841d3e582
vpnc-script,git@gitee.com:src-openeuler/vpnc-script.git,8f39905560dd21f7b5d0d178b63c2f7d8bfe3ebf
waf,git@gitee.com:src-openeuler/waf.git,acfb88b2824999aa2c91035062e495f5864f5bbf
whois,git@gitee.com:src-openeuler/whois.git,9daf1c969e4f1b44f43fc6627a3c09f49f7e50b5
wrk,git@gitee.com:src-openeuler/wrk.git,81911dd36b6ca203d3a65544e1f67a2a3fa48736
xarchiver,git@gitee.com:src-openeuler/xarchiver.git,aca9e9dc336dc3d032fdb354639bd9712c84b3de
xcb-util-cursor,git@gitee.com:src-openeuler/xcb-util-cursor.git,db989027db2c6cd3e2350b2b001fd3aca5dcf83a
xfburn,git@gitee.com:src-openeuler/xfburn.git,ad69aed202d8d2effdf16e9362cf8f3eaa381e43
xfce-polkit,git@gitee.com:src-openeuler/xfce-polkit.git,227820566da5b5bb923b6054460d11d8694a5064
xfce-theme-manager,git@gitee.com:src-openeuler/xfce-theme-manager.git,825c18d93f056e0de4b1e2c902d86133b3089c94
xfce4-appfinder,git@gitee.com:src-openeuler/xfce4-appfinder.git,94f5fe9956e9d1d67d762ee3bba1d46ca0789ad6
xfce4-battery-plugin,git@gitee.com:src-openeuler/xfce4-battery-plugin.git,2558e91c1d4715c249164a7aa1bb50ec11b4e66d
xfce4-calculator-plugin,git@gitee.com:src-openeuler/xfce4-calculator-plugin.git,f17875e2f4fd149e2ca7628ac6a92d03d42077ad
xfce4-clipman-plugin,git@gitee.com:src-openeuler/xfce4-clipman-plugin.git,e4fc15b017b7f4df469d35a56aa7a5d4a1addadf
xfce4-cpufreq-plugin,git@gitee.com:src-openeuler/xfce4-cpufreq-plugin.git,56e7ffad1aada9c4fb2ac91e5ef83e3fb070be35
xfce4-cpugraph-plugin,git@gitee.com:src-openeuler/xfce4-cpugraph-plugin.git,ac004e6d8a8b13ffa390d5b7f33d226694196177
xfce4-datetime-plugin,git@gitee.com:src-openeuler/xfce4-datetime-plugin.git,5c60479861cf0711861310a116943da9045dc75f
xfce4-dev-tools,git@gitee.com:src-openeuler/xfce4-dev-tools.git,58491f8c3104969170e0c9ba596f295eb2bf0ec0
xfce4-dict,git@gitee.com:src-openeuler/xfce4-dict.git,a3847cd43cc5a5b71bdbb68018b9bb243d48462b
xfce4-diskperf-plugin,git@gitee.com:src-openeuler/xfce4-diskperf-plugin.git,ff920472317a2063f5889ba07819767030da0029
xfce4-eyes-plugin,git@gitee.com:src-openeuler/xfce4-eyes-plugin.git,9b3fbd02ba9a66ad8af13830f34c6a271dfa3ac1
xfce4-fsguard-plugin,git@gitee.com:src-openeuler/xfce4-fsguard-plugin.git,f7dd94e089e44f41d60b6b985adc990b403bb86a
xfce4-genmon-plugin,git@gitee.com:src-openeuler/xfce4-genmon-plugin.git,deef0542b93272b9dbca886aefe20023cf1f8c18
xfce4-mailwatch-plugin,git@gitee.com:src-openeuler/xfce4-mailwatch-plugin.git,5ab2224a9c9d84fa1aac82559814c81555926747
xfce4-mount-plugin,git@gitee.com:src-openeuler/xfce4-mount-plugin.git,69400da09c6f445c76e65aaae8b1632dc00bd8bb
xfce4-mpc-plugin,git@gitee.com:src-openeuler/xfce4-mpc-plugin.git,5b563403cc16d1231b4bc560e8d6f9f678ca89be
xfce4-netload-plugin,git@gitee.com:src-openeuler/xfce4-netload-plugin.git,1a5c8fa5ba0be340f59c3449e6093c0f72efc508
xfce4-notes-plugin,git@gitee.com:src-openeuler/xfce4-notes-plugin.git,86956648ba67d061787a036b7b0954cba09e8090
xfce4-notifyd,git@gitee.com:src-openeuler/xfce4-notifyd.git,930553e85960d682c12bfd4ea3df38fd35d8b13f
xfce4-panel,git@gitee.com:src-openeuler/xfce4-panel.git,09904b1032efa4b4c54b1a1fc29d42ce60f8ce1f
xfce4-panel-profiles,git@gitee.com:src-openeuler/xfce4-panel-profiles.git,e8690c2f9ab8b7cdcb569b635f8f6777f5e1d71a
xfce4-places-plugin,git@gitee.com:src-openeuler/xfce4-places-plugin.git,09febe1fe02d539bff592cf34d4c1fb30b7eda91
xfce4-power-manager,git@gitee.com:src-openeuler/xfce4-power-manager.git,790a1ae55894b1dc8d0941b0959d99054284c6e9
xfce4-pulseaudio-plugin,git@gitee.com:src-openeuler/xfce4-pulseaudio-plugin.git,9bb79ff4765678a258f1b1aaa6e48b3f33f15656
xfce4-screensaver,git@gitee.com:src-openeuler/xfce4-screensaver.git,bdf49db650139e35b90aba340235e50518ce3374
xfce4-screenshooter,git@gitee.com:src-openeuler/xfce4-screenshooter.git,5443b741c3455f878803a0d0aa187c99d90797e8
xfce4-sensors-plugin,git@gitee.com:src-openeuler/xfce4-sensors-plugin.git,76f14a53d7659a5b38c8446a1835757a245a32eb
xfce4-session,git@gitee.com:src-openeuler/xfce4-session.git,eaab6e6009a31f843ea26aee093ba247c33867b0
xfce4-settings,git@gitee.com:src-openeuler/xfce4-settings.git,244566021e742d8c498f55bdb72ff69c32e1cde5
xfce4-smartbookmark-plugin,git@gitee.com:src-openeuler/xfce4-smartbookmark-plugin.git,deb9638ab79ee1371126d24d727442e60f305527
xfce4-statusnotifier-plugin,git@gitee.com:src-openeuler/xfce4-statusnotifier-plugin.git,2ba7c17a1780e178fd1b84d9547f3c7788e3a367
xfce4-systemload-plugin,git@gitee.com:src-openeuler/xfce4-systemload-plugin.git,e81191be6d5dcee9e6b69758fcc9c0bac29f3338
xfce4-taskmanager,git@gitee.com:src-openeuler/xfce4-taskmanager.git,f607c02f5bfd6cfe4f0ad344dc727acd56c810c6
xfce4-terminal,git@gitee.com:src-openeuler/xfce4-terminal.git,39ed66fd5f549e3f41647c63c00df386709f2933
xfce4-time-out-plugin,git@gitee.com:src-openeuler/xfce4-time-out-plugin.git,751e5dd993a9808d5543f8cb64c333f8af0b8e4a
xfce4-timer-plugin,git@gitee.com:src-openeuler/xfce4-timer-plugin.git,dbb17b01d808454e3a77f9713e4f57437feefd59
xfce4-vala,git@gitee.com:src-openeuler/xfce4-vala.git,ad8e99df45147a9f8f90db7c1b992ad76ef7a90a
xfce4-verve-plugin,git@gitee.com:src-openeuler/xfce4-verve-plugin.git,dc938f07d76a2bded4f276ed50786636c54b228c
xfce4-volumed-pulse,git@gitee.com:src-openeuler/xfce4-volumed-pulse.git,54a96edfda463e626bec617797f52df26a0fe1ee
xfce4-wavelan-plugin,git@gitee.com:src-openeuler/xfce4-wavelan-plugin.git,e4f8a631d6cb2679466c99dfc86a41b315d533ee
xfce4-weather-plugin,git@gitee.com:src-openeuler/xfce4-weather-plugin.git,3fe622963e8efab20739bc27990e88342e568735
xfce4-whiskermenu-plugin,git@gitee.com:src-openeuler/xfce4-whiskermenu-plugin.git,5d017248937cbaac1e653ed2b02874caf391d4ec
xfce4-xkb-plugin,git@gitee.com:src-openeuler/xfce4-xkb-plugin.git,85d4cffb8db7caeb9ccaeeb7c79cac973a52fc7a
xfconf,git@gitee.com:src-openeuler/xfconf.git,38ba63471fb157d35eab7aafaa170b4e807b4449
xfdashboard,git@gitee.com:src-openeuler/xfdashboard.git,8b9ae47b4aa07525db88e01bb8029b398d4c70ef
xfdesktop,git@gitee.com:src-openeuler/xfdesktop.git,644fd3f93b7a141b5e222fd3b316ad16198f8a69
xfwm4,git@gitee.com:src-openeuler/xfwm4.git,2f02d86fc4525f6f15d2087f789178a15da31f3e
xorg-x11-drv-synaptics,git@gitee.com:src-openeuler/xorg-x11-drv-synaptics.git,628881b770286d3767614d74713e1fd0858f2001
xsd,git@gitee.com:src-openeuler/xsd.git,2ca3a5168abe45dfa75ca4db7415f607a7601dac
yakuake,git@gitee.com:src-openeuler/yakuake.git,e3db85f40d34fe892b991c79e60bbd0676277414
you-get,git@gitee.com:src-openeuler/you-get.git,9709c2a9ff6d59e5c289416d57fec72661b770ee
zlog,git@gitee.com:src-openeuler/zlog.git,4d97cbf63e2ad58ff44b276262270b84f9190b13
zssh,git@gitee.com:src-openeuler/zssh.git,3df14143c74af6f90a991213e683f8b67a534841
